Order_ID,Order_Date,Product_ID,Quantity_Sold,Store_Region,Unit_Price
ORD-01001,05/09/2026,PROD-002,3.0,North,148.42307232669762
ORD-01002,2026-05-01,PROD-007,3.0,North,182.99469188414815
ORD-01003,2026-01-27,PROD-018,6.0,WEST,448.10620824129285
ORD-01004,2026-05-01,PROD-027,3.0,NORTH,473.7636914436987
ORD-01005,2026-04-26,PROD-002,2.0,South,447.3535314683725
ORD-01006,2026-01-03,PROD-027,,NORTH,215.52951703908366
ORD-01007,2026-04-13,PROD-017,5.0,NORTH,392.37909647337204
ORD-01008,2026-06-04,PROD-011,1.0,WEST,243.4045093175384
ORD-01009,2026-05-17,PROD-027,3.0,NORTH,253.79452755159008
ORD-01010,2026-03-03,PROD-012,8.0,South,110.29325343806914
ORD-01011,06/14/2026,PROD-027,4.0,East,299.6538485966731
ORD-01012,2026-02-20,PROD-019,7.0,North,101.20658989914048
ORD-01013,2026-06-21,PROD-022,2.0,East,172.46670254292493
ORD-01014,2026-06-01,PROD-024,7.0,NORTH,428.96479879376824
ORD-01015,2026-02-28,PROD-025,5.0,East,111.46714651331907
ORD-01016,2026-04-28,PROD-007,5.0,South,44.86755973498208
ORD-01017,2026-06-09,PROD-020,6.0,South,43.81372038027999
ORD-01018,2026-04-06,PROD-006,9.0,NORTH,470.9844150465229
ORD-01019,2026-06-29,PROD-021,6.0,WEST,258.39101460129893
ORD-01020,2026-04-23,PROD-024,8.0,East,210.61191519033898
ORD-01021,03/03/2026,PROD-001,7.0,WEST,407.33050469388
ORD-01022,2026-02-21,PROD-017,9.0,WEST,419.5547046761528
ORD-01023,2026-01-12,PROD-029,4.0,south,172.77360622664625
ORD-01024,2026-02-08,PROD-011,2.0,NORTH,349.87284816215964
ORD-01025,2026-05-10,PROD-022,7.0,North,387.85017976742444
ORD-01026,2026-05-11,PROD-026,6.0,South,330.7788365643177
ORD-01027,2026-04-23,PROD-028,1.0,South,84.28158665204869
ORD-01028,2026-04-11,PROD-018,9.0,NORTH,439.18271092335794
ORD-01029,2026-04-23,PROD-021,9.0,North,274.1563308406443
ORD-01030,2026-03-22,PROD-017,2.0,South,148.4114889213018
ORD-01031,04/23/2026,PROD-007,3.0,NORTH,218.36181086447002
ORD-01032,2026-01-02,PROD-017,5.0,South,28.409834295464616
ORD-01033,2026-05-10,PROD-020,5.0,WEST,72.6547325989846
ORD-01034,2026-02-23,PROD-009,1.0,East,385.1179077527718
ORD-01035,2026-03-28,PROD-017,8.0,East,10.005701030129408
ORD-01036,2026-05-09,PROD-020,8.0,South,214.11725595632316
ORD-01037,2026-05-27,PROD-022,4.0,south,266.0299887319383
ORD-01038,2026-05-06,PROD-022,7.0,North,36.77086580047643
ORD-01039,2026-05-10,PROD-028,3.0,North,486.8082998564431
ORD-01040,2026-02-22,PROD-029,6.0,North,120.80141231233925
ORD-01041,06/21/2026,PROD-008,9.0,WEST,159.05737262177763
ORD-01042,2026-06-09,PROD-017,1.0,North,158.93183100496339
ORD-01043,2026-06-09,PROD-007,5.0,East,122.90416443750145
ORD-01044,2026-03-09,PROD-001,4.0,WEST,10.722172822292594
ORD-01045,2026-05-03,PROD-013,8.0,NORTH,367.3789491031182
ORD-01046,2026-05-25,PROD-030,1.0,North,483.7542949016498
ORD-01047,2026-02-07,PROD-023,9.0,North,119.90380680967208
ORD-01048,2026-01-24,PROD-019,6.0,NORTH,334.89312398367696
ORD-01049,2026-03-10,PROD-027,4.0,North,373.5292002097704
ORD-01050,2026-04-26,PROD-024,9.0,NORTH,425.7284357543571
ORD-01051,04/08/2026,PROD-019,5.0,WEST,217.08830653666848
ORD-01052,2026-05-19,PROD-030,5.0,East,158.43614376381032
ORD-01053,2026-05-24,PROD-030,5.0,NORTH,169.39461567128524
ORD-01054,2026-04-07,PROD-029,1.0,south,359.1844532182713
ORD-01055,2026-05-04,PROD-017,1.0,NORTH,410.22193858776166
ORD-01056,2026-03-11,PROD-013,8.0,North,98.9908442007353
ORD-01057,2026-04-03,PROD-029,8.0,WEST,191.76109399730495
ORD-01058,2026-01-03,PROD-030,6.0,South,451.9506964070835
ORD-01059,2026-05-28,PROD-016,4.0,WEST,405.2798246504222
ORD-01060,2026-06-13,PROD-008,2.0,South,492.58061735361315
ORD-01061,05/27/2026,PROD-019,2.0,NORTH,379.5816472442196
ORD-01062,2026-03-31,PROD-018,9.0,East,202.66564850368192
ORD-01063,2026-05-27,PROD-001,5.0,south,299.4125386573725
ORD-01064,2026-05-28,PROD-014,4.0,WEST,333.8969845811869
ORD-01065,2026-04-06,PROD-019,1.0,North,48.44334999539073
ORD-01066,2026-02-21,PROD-015,7.0,South,276.8035099608939
ORD-01067,2026-06-10,PROD-018,3.0,North,357.56720595157867
ORD-01068,2026-06-17,PROD-002,6.0,East,91.98743896051958
ORD-01069,2026-05-08,PROD-022,5.0,South,392.509541538523
ORD-01070,2026-02-08,PROD-028,5.0,WEST,296.0486624519147
ORD-01071,03/23/2026,PROD-017,5.0,NORTH,476.5886749918214
ORD-01072,2026-04-14,PROD-018,1.0,North,30.78692612137693
ORD-01073,2026-05-09,PROD-030,1.0,East,140.0098074021788
ORD-01074,2026-01-11,PROD-006,3.0,WEST,304.7614008569138
ORD-01075,2026-06-27,PROD-019,4.0,WEST,155.31435698090604
ORD-01076,2026-05-31,PROD-004,5.0,WEST,360.06784039490867
ORD-01077,2026-06-08,PROD-001,2.0,WEST,381.9125884357462
ORD-01078,2026-02-11,PROD-008,8.0,South,60.23282239257248
ORD-01079,2026-04-09,PROD-029,2.0,WEST,261.78868746131616
ORD-01080,2026-01-07,PROD-023,9.0,North,259.3563722396174
ORD-01081,05/24/2026,PROD-007,2.0,East,
ORD-01082,2026-03-31,PROD-003,9.0,South,467.1331826591393
ORD-01083,2026-04-22,PROD-010,7.0,WEST,415.4780967378784
ORD-01084,2026-03-01,PROD-010,8.0,south,351.632597135722
ORD-01085,2026-04-23,PROD-019,2.0,south,360.0200515101488
ORD-01086,2026-01-02,PROD-014,7.0,East,236.24091046842835
ORD-01087,2026-05-09,PROD-002,6.0,NORTH,461.2873153373222
ORD-01088,2026-02-17,PROD-028,4.0,NORTH,350.35175935410984
ORD-01089,2026-05-20,PROD-001,7.0,South,367.2007202113501
ORD-01090,2026-02-06,PROD-023,4.0,South,432.22854285579916
ORD-01091,06/09/2026,PROD-023,2.0,South,144.29507877767358
ORD-01092,2026-01-09,PROD-028,7.0,NORTH,405.4647428946845
ORD-01093,2026-04-09,PROD-018,8.0,south,105.6678954486811
ORD-01094,2026-05-27,PROD-007,2.0,NORTH,179.21755659999505
ORD-01095,2026-02-17,PROD-029,5.0,North,174.44912259222292
ORD-01096,2026-05-11,PROD-008,1.0,WEST,489.47747951067885
ORD-01097,2026-05-28,PROD-001,7.0,South,429.70323963648417
ORD-01098,2026-06-01,PROD-025,8.0,south,353.57323217922726
ORD-01099,2026-02-23,PROD-023,6.0,East,366.2578131915412
ORD-01100,2026-04-30,PROD-003,5.0,East,285.4156692572598
ORD-01101,06/10/2026,PROD-024,6.0,WEST,474.07442688317434
ORD-01102,2026-06-01,PROD-023,2.0,south,253.16678891235716
ORD-01103,2026-04-26,PROD-027,1.0,NORTH,196.45367783624832
ORD-01104,2026-03-16,PROD-029,7.0,NORTH,89.8873150964796
ORD-01105,2026-04-23,PROD-008,7.0,North,395.2407696079184
ORD-01106,2026-06-13,PROD-022,2.0,North,369.8775267170398
ORD-01107,2026-06-15,PROD-025,2.0,NORTH,198.3339688768261
ORD-01108,2026-04-14,PROD-015,1.0,East,22.344772840022387
ORD-01109,2026-03-25,PROD-005,8.0,South,421.1086905818253
ORD-01110,2026-04-22,PROD-003,8.0,East,15.594811892496079
ORD-01111,04/09/2026,PROD-019,1.0,North,354.81289201823495
ORD-01112,2026-06-02,PROD-001,8.0,WEST,485.42598376576797
ORD-01113,2026-04-03,PROD-028,9.0,NORTH,224.4540507926197
ORD-01114,2026-05-26,PROD-015,4.0,North,125.13696844801686
ORD-01115,2026-05-08,PROD-008,1.0,North,355.38679492125704
ORD-01116,2026-04-20,PROD-002,1.0,South,410.39278958763674
ORD-01117,2026-03-23,PROD-003,3.0,NORTH,277.75085487814516
ORD-01118,2026-02-23,PROD-024,5.0,South,483.8472848755116
ORD-01119,2026-06-12,PROD-014,5.0,NORTH,35.31767361240094
ORD-01120,2026-06-18,PROD-024,9.0,South,257.3498431692188
ORD-01121,06/10/2026,PROD-014,2.0,East,362.0424341880495
ORD-01122,2026-03-09,PROD-011,2.0,WEST,432.6938308630977
ORD-01123,2026-02-02,PROD-016,6.0,WEST,97.83524983481712
ORD-01124,2026-05-22,PROD-004,9.0,NORTH,402.0017060642039
ORD-01125,2026-01-21,PROD-020,1.0,south,280.8264671020872
ORD-01126,2026-02-17,PROD-005,9.0,North,204.31130417508197
ORD-01127,2026-05-28,PROD-022,9.0,North,74.54036400375584
ORD-01128,2026-05-08,PROD-021,9.0,NORTH,433.9949218653671
ORD-01129,2026-05-16,PROD-014,5.0,South,87.06387200806053
ORD-01130,2026-05-15,PROD-023,9.0,south,161.79605101245863
ORD-01131,05/25/2026,PROD-016,4.0,East,152.12231066159407
ORD-01132,2026-05-08,PROD-018,2.0,South,436.9928767535186
ORD-01133,2026-02-02,PROD-007,6.0,South,339.62446716236
ORD-01134,2026-06-25,PROD-010,4.0,NORTH,400.3738846237724
ORD-01135,2026-04-25,PROD-007,6.0,NORTH,132.7292704083245
ORD-01136,2026-04-29,PROD-001,3.0,North,316.18830880742945
ORD-01137,2026-01-22,PROD-023,6.0,NORTH,290.15553174043686
ORD-01138,2026-06-07,PROD-021,2.0,NORTH,418.0868846262528
ORD-01139,2026-02-07,PROD-019,2.0,NORTH,
ORD-01140,2026-04-19,PROD-016,9.0,North,15.956818023919535
ORD-01141,02/20/2026,PROD-029,7.0,East,340.2697603388084
ORD-01142,2026-01-08,PROD-019,3.0,East,35.39954156866722
ORD-01143,2026-01-27,PROD-004,1.0,NORTH,
ORD-01144,2026-01-27,PROD-029,8.0,North,150.94003723140233
ORD-01145,2026-01-21,PROD-028,6.0,East,
ORD-01146,2026-01-30,PROD-018,7.0,South,182.94966669165473
ORD-01147,2026-04-07,PROD-002,9.0,East,314.43330003430896
ORD-01148,2026-01-28,PROD-001,5.0,East,173.6844831776969
ORD-01149,2026-04-21,PROD-015,1.0,North,369.0225347892374
ORD-01150,2026-03-02,PROD-005,7.0,South,208.21841893119614
ORD-01151,02/17/2026,PROD-020,5.0,North,43.493068151879726
ORD-01152,2026-05-27,PROD-011,3.0,NORTH,394.04232281721255
ORD-01153,2026-01-04,PROD-010,9.0,WEST,150.02157905042594
ORD-01154,2026-02-04,PROD-002,1.0,East,222.05577100363868
ORD-01155,2026-02-18,PROD-003,1.0,WEST,345.86750277873176
ORD-01156,2026-01-17,PROD-023,1.0,North,172.90351700286888
ORD-01157,2026-06-21,PROD-023,3.0,North,37.72697151189065
ORD-01158,2026-06-07,PROD-012,6.0,North,193.22131303627867
ORD-01159,2026-02-15,PROD-020,3.0,WEST,472.7798055202087
ORD-01160,2026-04-27,PROD-005,8.0,North,324.4498546762935
ORD-01161,01/06/2026,PROD-005,2.0,NORTH,339.0247828469314
ORD-01162,2026-04-09,PROD-006,9.0,North,319.81825528244354
ORD-01163,2026-05-04,PROD-030,3.0,south,107.50614809012403
ORD-01164,2026-02-06,PROD-009,5.0,WEST,214.98359341011727
ORD-01165,2026-01-24,PROD-002,8.0,south,377.96050119802595
ORD-01166,2026-04-03,PROD-021,2.0,North,
ORD-01167,2026-02-15,PROD-012,6.0,NORTH,146.147860283959
ORD-01168,2026-04-05,PROD-003,5.0,East,145.39636314826828
ORD-01169,2026-04-09,PROD-020,9.0,South,221.68927452130794
ORD-01170,2026-04-26,PROD-026,5.0,South,490.3806830616707
ORD-01171,06/09/2026,PROD-022,2.0,North,43.07624787507275
ORD-01172,2026-06-10,PROD-012,5.0,NORTH,264.16348724649157
ORD-01173,2026-03-08,PROD-024,4.0,WEST,97.88869418598313
ORD-01174,2026-05-08,PROD-017,7.0,south,485.63150725077463
ORD-01175,2026-01-18,PROD-010,6.0,south,65.51871731645745
ORD-01176,2026-01-25,PROD-030,2.0,south,207.76449115717972
ORD-01177,2026-02-23,PROD-024,5.0,WEST,371.56364256895705
ORD-01178,2026-02-27,PROD-027,,South,355.2316697334482
ORD-01179,2026-03-08,PROD-014,7.0,NORTH,217.1370320780268
ORD-01180,2026-04-14,PROD-023,5.0,WEST,179.79684229683193
ORD-01181,06/23/2026,PROD-017,9.0,south,204.83006549090658
ORD-01182,2026-01-24,PROD-018,4.0,North,139.49536894773325
ORD-01183,2026-04-24,PROD-019,3.0,East,110.6131399663319
ORD-01184,2026-02-01,PROD-017,4.0,WEST,246.6894518038561
ORD-01185,2026-06-24,PROD-014,5.0,WEST,141.58154047312757
ORD-01186,2026-03-27,PROD-009,6.0,NORTH,150.85621579965255
ORD-01187,2026-05-31,PROD-008,3.0,NORTH,331.810471102533
ORD-01188,2026-05-07,PROD-002,2.0,WEST,484.58329253294715
ORD-01189,2026-06-04,PROD-013,4.0,south,305.78222827409377
ORD-01190,2026-05-10,PROD-025,5.0,East,47.71993886183348
ORD-01191,01/17/2026,PROD-007,4.0,NORTH,47.03597078849282
ORD-01192,2026-04-14,PROD-009,3.0,south,476.19737821432733
ORD-01193,2026-06-10,PROD-022,8.0,North,155.6724872505935
ORD-01194,2026-05-17,PROD-022,4.0,NORTH,55.11282318041296
ORD-01195,2026-02-12,PROD-011,2.0,south,303.53184770368694
ORD-01196,2026-06-25,PROD-014,2.0,south,315.5879013622304
ORD-01197,2026-02-08,PROD-004,1.0,East,327.7673618581572
ORD-01198,2026-06-19,PROD-026,4.0,East,141.02699365019524
ORD-01199,2026-01-26,PROD-026,9.0,North,
ORD-01200,2026-04-09,PROD-029,7.0,south,482.8575310326912
ORD-01201,02/19/2026,PROD-013,7.0,South,132.9375923886402
ORD-01202,2026-06-02,PROD-002,7.0,south,341.2528811457483
ORD-01203,2026-06-01,PROD-023,8.0,East,356.2486362405677
ORD-01204,2026-01-13,PROD-005,1.0,South,308.90363436894796
ORD-01205,2026-03-01,PROD-011,8.0,NORTH,163.32462316468764
ORD-01206,2026-05-15,PROD-006,4.0,NORTH,142.83716434439222
ORD-01207,2026-02-26,PROD-018,4.0,WEST,302.8574585243245
ORD-01208,2026-02-05,PROD-021,4.0,East,434.38686046972884
ORD-01209,2026-06-22,PROD-010,6.0,WEST,473.8995271724638
ORD-01210,2026-01-20,PROD-004,7.0,South,61.89384415784124
ORD-01211,03/06/2026,PROD-009,6.0,East,85.86602017288273
ORD-01212,2026-01-08,PROD-006,1.0,North,472.92076680370906
ORD-01213,2026-05-24,PROD-002,8.0,south,370.90226188404836
ORD-01214,2026-05-22,PROD-017,7.0,North,442.66697416658883
ORD-01215,2026-04-25,PROD-005,6.0,South,109.28999072631815
ORD-01216,2026-05-23,PROD-025,6.0,East,297.91707684360694
ORD-01217,2026-04-02,PROD-006,5.0,South,353.55840126456206
ORD-01218,2026-04-08,PROD-026,6.0,south,343.2548238690166
ORD-01219,2026-03-07,PROD-012,9.0,NORTH,209.9943285246821
ORD-01220,2026-02-01,PROD-023,9.0,NORTH,17.543496928741153
ORD-01221,03/27/2026,PROD-021,8.0,South,295.6337678340889
ORD-01222,2026-02-20,PROD-010,9.0,WEST,134.0197541980083
ORD-01223,2026-06-02,PROD-022,8.0,East,230.62458061001627
ORD-01224,2026-03-04,PROD-021,8.0,East,479.2146973910705
ORD-01225,2026-05-05,PROD-027,1.0,NORTH,205.52730564479302
ORD-01226,2026-05-30,PROD-025,5.0,North,421.5027872655691
ORD-01227,2026-02-27,PROD-006,4.0,south,102.38489681713305
ORD-01228,2026-02-27,PROD-027,2.0,North,339.5056440322641
ORD-01229,2026-03-27,PROD-008,8.0,North,488.7334076750823
ORD-01230,2026-02-18,PROD-002,3.0,South,59.92761942773903
ORD-01231,06/29/2026,PROD-012,4.0,NORTH,14.076771691324087
ORD-01232,2026-06-19,PROD-013,7.0,NORTH,222.45556838998104
ORD-01233,2026-03-11,PROD-025,9.0,NORTH,55.38648669516993
ORD-01234,2026-01-15,PROD-021,2.0,South,376.70833134135336
ORD-01235,2026-02-23,PROD-007,3.0,WEST,458.1288452857939
ORD-01236,2026-04-11,PROD-010,4.0,North,222.67027662729183
ORD-01237,2026-01-08,PROD-013,1.0,South,136.76870465616605
ORD-01238,2026-02-22,PROD-017,7.0,East,222.8576263132388
ORD-01239,2026-03-01,PROD-026,2.0,south,364.4894307465005
ORD-01240,2026-04-18,PROD-021,5.0,WEST,14.43653917438178
ORD-01241,01/05/2026,PROD-028,1.0,East,298.8324548475016
ORD-01242,2026-04-13,PROD-030,3.0,North,310.5129255948157
ORD-01243,2026-01-06,PROD-026,2.0,NORTH,322.4672409790084
ORD-01244,2026-04-19,PROD-014,1.0,North,128.59081919062982
ORD-01245,2026-04-26,PROD-002,7.0,South,359.8858344552821
ORD-01246,2026-04-04,PROD-028,5.0,south,54.78182830257044
ORD-01247,2026-02-16,PROD-022,1.0,South,107.6424648687324
ORD-01248,2026-04-09,PROD-011,6.0,WEST,439.9603228606961
ORD-01249,2026-02-24,PROD-001,5.0,WEST,371.9743438560175
ORD-01250,2026-06-17,PROD-019,3.0,south,16.735321465559174
ORD-01251,02/21/2026,PROD-021,7.0,East,131.70436758120212
ORD-01252,2026-05-24,PROD-004,9.0,East,115.05917666665063
ORD-01253,2026-01-13,PROD-019,9.0,WEST,142.69510073811657
ORD-01254,2026-04-24,PROD-026,9.0,WEST,131.30428743714435
ORD-01255,2026-05-04,PROD-029,2.0,NORTH,40.63788491399441
ORD-01256,2026-04-16,PROD-021,3.0,East,234.88085313244196
ORD-01257,2026-06-07,PROD-011,7.0,south,369.0394026452209
ORD-01258,2026-05-27,PROD-008,5.0,East,307.29854511154383
ORD-01259,2026-05-25,PROD-011,2.0,NORTH,339.7071176130591
ORD-01260,2026-04-30,PROD-004,3.0,South,49.76309748275718
ORD-01261,03/04/2026,PROD-017,6.0,WEST,476.23044798662573
ORD-01262,2026-01-19,PROD-027,7.0,WEST,420.86099858308216
ORD-01263,2026-04-02,PROD-007,9.0,NORTH,404.49425606287474
ORD-01264,2026-02-27,PROD-008,1.0,south,413.26206447046604
ORD-01265,2026-03-31,PROD-003,7.0,WEST,467.02814898505306
ORD-01266,2026-04-27,PROD-022,8.0,North,276.68444339571187
ORD-01267,2026-03-03,PROD-002,3.0,WEST,108.13818875513668
ORD-01268,2026-01-23,PROD-023,4.0,North,312.22396784774514
ORD-01269,2026-05-07,PROD-015,6.0,NORTH,374.0119318972901
ORD-01270,2026-05-17,PROD-024,7.0,NORTH,371.57952274347247
ORD-01271,05/20/2026,PROD-022,4.0,WEST,265.5100218417713
ORD-01272,2026-05-09,PROD-022,8.0,East,43.54477247345325
ORD-01273,2026-02-27,PROD-005,5.0,North,191.84533983076264
ORD-01274,2026-05-02,PROD-024,1.0,south,461.1756381470451
ORD-01275,2026-01-01,PROD-001,4.0,WEST,296.37996578113876
ORD-01276,2026-02-03,PROD-026,3.0,south,273.7826521952996
ORD-01277,2026-04-06,PROD-004,9.0,WEST,141.73822204727483
ORD-01278,2026-05-06,PROD-015,8.0,East,190.53997075912366
ORD-01279,2026-04-28,PROD-020,1.0,East,448.71958368505295
ORD-01280,2026-02-17,PROD-019,6.0,East,336.5668932881495
ORD-01281,03/30/2026,PROD-003,9.0,South,395.8196431086431
ORD-01282,2026-04-27,PROD-020,7.0,East,232.629257303151
ORD-01283,2026-05-09,PROD-011,4.0,NORTH,318.8211375335174
ORD-01284,2026-01-16,PROD-017,1.0,NORTH,131.70796828417167
ORD-01285,2026-03-10,PROD-030,2.0,South,355.6758068389083
ORD-01286,2026-01-22,PROD-027,5.0,North,219.52465351463528
ORD-01287,2026-04-03,PROD-013,5.0,south,226.84730225922533
ORD-01288,2026-03-17,PROD-011,,WEST,328.167939042672
ORD-01289,2026-06-03,PROD-002,6.0,WEST,468.7775045197741
ORD-01290,2026-05-24,PROD-009,8.0,South,41.363109838224254
ORD-01291,06/28/2026,PROD-026,2.0,NORTH,414.1241863000337
ORD-01292,2026-03-27,PROD-002,3.0,WEST,153.26772410197464
ORD-01293,2026-01-29,PROD-021,6.0,NORTH,227.52053270812513
ORD-01294,2026-03-10,PROD-009,3.0,North,20.73753109975439
ORD-01295,2026-02-16,PROD-009,6.0,south,157.51257813881338
ORD-01296,2026-04-04,PROD-008,6.0,North,256.2893088887639
ORD-01297,2026-05-24,PROD-017,2.0,South,37.52627790024512
ORD-01298,2026-06-25,PROD-001,7.0,East,250.63690739775092
ORD-01299,2026-03-26,PROD-025,2.0,East,464.2842081406294
ORD-01300,2026-02-08,PROD-029,6.0,East,61.64267687282456
ORD-01301,04/10/2026,PROD-011,1.0,North,384.57595675699713
ORD-01302,2026-02-02,PROD-008,3.0,WEST,210.7388161542364
ORD-01303,2026-04-11,PROD-010,2.0,south,331.0351201169256
ORD-01304,2026-01-23,PROD-025,7.0,East,137.5159330127624
ORD-01305,2026-01-10,PROD-007,4.0,South,88.15120864526556
ORD-01306,2026-03-10,PROD-003,8.0,South,88.62668099290096
ORD-01307,2026-04-10,PROD-003,6.0,East,44.541053365140876
ORD-01308,2026-02-03,PROD-018,4.0,East,100.96688540160908
ORD-01309,2026-06-29,PROD-005,5.0,south,335.46749864459446
ORD-01310,2026-05-18,PROD-012,9.0,East,442.02839980331896
ORD-01311,05/27/2026,PROD-012,7.0,south,408.9215859396693
ORD-01312,2026-04-06,PROD-019,9.0,South,345.7158118384972
ORD-01313,2026-01-01,PROD-030,7.0,East,64.1116130714403
ORD-01314,2026-03-10,PROD-006,1.0,North,151.70184868501542
ORD-01315,2026-01-04,PROD-002,8.0,North,161.8053689080098
ORD-01316,2026-01-16,PROD-012,4.0,South,132.4789037348344
ORD-01317,2026-01-24,PROD-019,3.0,south,262.35277325776434
ORD-01318,2026-03-21,PROD-005,7.0,North,
ORD-01319,2026-01-02,PROD-012,3.0,south,184.874127833844
ORD-01320,2026-05-08,PROD-027,8.0,North,183.35668778085366
ORD-01321,06/09/2026,PROD-027,6.0,North,415.99224297397984
ORD-01322,2026-03-25,PROD-017,5.0,south,396.75349567664597
ORD-01323,2026-06-01,PROD-029,4.0,WEST,160.81995752356536
ORD-01324,2026-05-20,PROD-017,8.0,North,457.75633749789705
ORD-01325,2026-06-27,PROD-010,8.0,East,476.87935833122793
ORD-01326,2026-06-12,PROD-025,1.0,South,170.10384559472
ORD-01327,2026-05-04,PROD-023,9.0,WEST,183.66822490859687
ORD-01328,2026-02-02,PROD-017,5.0,south,257.7607351767598
ORD-01329,2026-06-10,PROD-015,,WEST,471.14919814150005
ORD-01330,2026-06-28,PROD-012,6.0,NORTH,439.39652223973263
ORD-01331,06/20/2026,PROD-030,6.0,NORTH,60.258301665959
ORD-01332,2026-04-11,PROD-016,2.0,North,202.43806420299396
ORD-01333,2026-01-12,PROD-024,8.0,North,281.1518829773882
ORD-01334,2026-03-08,PROD-019,7.0,East,256.5349115502546
ORD-01335,2026-03-06,PROD-008,1.0,South,104.9929032890774
ORD-01336,2026-06-10,PROD-021,5.0,WEST,430.8202178723958
ORD-01337,2026-06-17,PROD-017,6.0,NORTH,341.7009836684503
ORD-01338,2026-03-15,PROD-023,4.0,North,420.57510367738377
ORD-01339,2026-02-12,PROD-005,2.0,South,430.7944968812414
ORD-01340,2026-02-13,PROD-022,4.0,WEST,376.6943682962125
ORD-01341,01/29/2026,PROD-016,1.0,North,225.2131946123615
ORD-01342,2026-05-21,PROD-006,7.0,North,309.16790995755804
ORD-01343,2026-01-12,PROD-008,2.0,NORTH,88.57904899867414
ORD-01344,2026-04-05,PROD-025,2.0,NORTH,340.08625456270477
ORD-01345,2026-02-15,PROD-018,9.0,North,97.83409531224757
ORD-01346,2026-05-10,PROD-025,5.0,south,350.0352993499768
ORD-01347,2026-02-04,PROD-012,2.0,North,122.50309876944465
ORD-01348,2026-03-22,PROD-015,9.0,South,67.60013707360778
ORD-01349,2026-03-31,PROD-027,9.0,North,90.98940017004914
ORD-01350,2026-01-08,PROD-026,1.0,East,10.976146257344432
ORD-01351,04/03/2026,PROD-009,3.0,East,362.1824127482298
ORD-01352,2026-06-03,PROD-013,4.0,East,368.87651403860576
ORD-01353,2026-03-31,PROD-026,7.0,south,262.31734145749715
ORD-01354,2026-06-11,PROD-015,4.0,south,89.06777251713801
ORD-01355,2026-04-25,PROD-010,2.0,North,50.94162538023797
ORD-01356,2026-04-15,PROD-016,7.0,East,19.373193554270635
ORD-01357,2026-05-15,PROD-007,6.0,south,91.21660671295814
ORD-01358,2026-02-27,PROD-017,3.0,NORTH,446.5192121417419
ORD-01359,2026-04-24,PROD-023,6.0,North,128.35305243382408
ORD-01360,2026-03-16,PROD-026,6.0,South,183.59295033643568
ORD-01361,06/06/2026,PROD-021,5.0,WEST,61.61928739585326
ORD-01362,2026-04-30,PROD-022,4.0,North,118.95703932660344
ORD-01363,2026-06-13,PROD-026,1.0,WEST,264.4200396823005
ORD-01364,2026-01-21,PROD-007,6.0,East,307.79881471686974
ORD-01365,2026-06-13,PROD-014,2.0,WEST,
ORD-01366,2026-05-18,PROD-015,3.0,East,38.288758020307434
ORD-01367,2026-04-11,PROD-021,8.0,NORTH,201.60610587242533
ORD-01368,2026-06-01,PROD-007,6.0,WEST,124.75965175390373
ORD-01369,2026-06-26,PROD-009,3.0,North,117.58142238260295
ORD-01370,2026-04-09,PROD-019,7.0,East,480.33277332959307
ORD-01371,02/05/2026,PROD-016,4.0,North,311.9872381036048
ORD-01372,2026-04-06,PROD-008,9.0,south,282.87043715432696
ORD-01373,2026-06-01,PROD-018,5.0,East,213.72980072642775
ORD-01374,2026-05-31,PROD-027,3.0,WEST,220.18272338077068
ORD-01375,2026-02-06,PROD-023,2.0,East,275.0434518806596
ORD-01376,2026-01-12,PROD-029,2.0,North,351.2506054476925
ORD-01377,2026-04-23,PROD-018,3.0,NORTH,354.05158712909645
ORD-01378,2026-01-13,PROD-030,2.0,East,94.13001477567029
ORD-01379,2026-01-23,PROD-020,4.0,WEST,255.05524851754723
ORD-01380,2026-04-09,PROD-007,2.0,south,211.85946656670995
ORD-01381,04/15/2026,PROD-003,9.0,South,436.5582134719983
ORD-01382,2026-01-30,PROD-018,2.0,NORTH,319.3952713970044
ORD-01383,2026-01-17,PROD-027,9.0,south,270.9269925438311
ORD-01384,2026-04-23,PROD-010,6.0,East,66.54337466766951
ORD-01385,2026-03-03,PROD-007,1.0,North,306.76256576847163
ORD-01386,2026-03-25,PROD-017,4.0,North,67.42991378331438
ORD-01387,2026-04-22,PROD-014,1.0,WEST,175.2312220272185
ORD-01388,2026-03-27,PROD-024,6.0,North,79.99256275902262
ORD-01389,2026-05-21,PROD-003,4.0,NORTH,349.1160870419408
ORD-01390,2026-01-19,PROD-012,3.0,North,111.06353577971478
ORD-01391,06/26/2026,PROD-028,3.0,WEST,202.01109286213273
ORD-01392,2026-04-10,PROD-013,9.0,South,448.8806410332015
ORD-01393,2026-05-20,PROD-002,6.0,East,110.11502786549545
ORD-01394,2026-05-27,PROD-003,9.0,East,258.82448133980176
ORD-01395,2026-03-17,PROD-005,5.0,North,215.44311397135078
ORD-01396,2026-01-09,PROD-011,2.0,south,18.88078011240757
ORD-01397,2026-01-28,PROD-008,8.0,East,398.4514756506783
ORD-01398,2026-05-08,PROD-026,5.0,South,43.832494094153866
ORD-01399,2026-02-21,PROD-023,2.0,North,242.38496027870727
ORD-01400,2026-03-24,PROD-023,4.0,WEST,284.73236452008547
ORD-01401,04/21/2026,PROD-012,9.0,South,317.92896374114764
ORD-01402,2026-05-24,PROD-007,4.0,North,
ORD-01403,2026-04-27,PROD-015,4.0,South,134.1034679261304
ORD-01404,2026-03-10,PROD-024,2.0,East,14.889600562640194
ORD-01405,2026-04-09,PROD-017,6.0,WEST,364.4873945539069
ORD-01406,2026-05-20,PROD-004,2.0,North,272.4717336803135
ORD-01407,2026-01-25,PROD-029,7.0,NORTH,419.6976745715519
ORD-01408,2026-06-29,PROD-022,3.0,WEST,412.4802978213402
ORD-01409,2026-05-03,PROD-025,3.0,NORTH,423.22982221606276
ORD-01410,2026-02-22,PROD-013,5.0,South,247.69638338997467
ORD-01411,05/31/2026,PROD-018,3.0,south,173.47791396006417
ORD-01412,2026-05-24,PROD-001,2.0,WEST,
ORD-01413,2026-02-26,PROD-016,9.0,South,231.1341153843349
ORD-01414,2026-02-08,PROD-013,2.0,NORTH,99.8866762376829
ORD-01415,2026-04-19,PROD-010,2.0,East,428.9372695851224
ORD-01416,2026-02-11,PROD-012,8.0,East,442.45433961845015
ORD-01417,2026-06-16,PROD-030,9.0,south,238.49178050868335
ORD-01418,2026-05-22,PROD-002,7.0,WEST,47.09286638179586
ORD-01419,2026-05-02,PROD-023,3.0,WEST,200.0347840592963
ORD-01420,2026-05-13,PROD-003,9.0,WEST,403.7334531366756
ORD-01421,06/12/2026,PROD-010,3.0,South,451.86927398765204
ORD-01422,2026-03-16,PROD-002,5.0,south,109.70164382382195
ORD-01423,2026-05-26,PROD-030,9.0,WEST,42.817069892383046
ORD-01424,2026-03-17,PROD-027,3.0,South,439.9017220350909
ORD-01425,2026-01-09,PROD-023,7.0,East,200.80842009964888
ORD-01426,2026-03-15,PROD-013,1.0,NORTH,275.462872491106
ORD-01427,2026-05-25,PROD-013,4.0,South,484.3522479048719
ORD-01428,2026-01-07,PROD-018,4.0,East,42.6167166779692
ORD-01429,2026-06-23,PROD-003,7.0,East,327.6758236515268
ORD-01430,2026-05-21,PROD-027,8.0,NORTH,46.31165706168487
ORD-01431,06/17/2026,PROD-007,1.0,East,193.97977494858517
ORD-01432,2026-06-19,PROD-014,5.0,south,403.86912714478893
ORD-01433,2026-05-17,PROD-020,7.0,NORTH,222.40139405026085
ORD-01434,2026-06-27,PROD-029,4.0,East,498.6193534124457
ORD-01435,2026-01-27,PROD-030,4.0,North,283.93904962383505
ORD-01436,2026-05-02,PROD-017,4.0,South,167.36945479161722
ORD-01437,2026-01-05,PROD-029,6.0,East,117.85454969332903
ORD-01438,2026-01-29,PROD-030,7.0,south,181.7550618002193
ORD-01439,2026-06-14,PROD-021,2.0,WEST,192.5413041421799
ORD-01440,2026-06-15,PROD-012,5.0,East,43.66970208474088
ORD-01441,03/24/2026,PROD-025,4.0,WEST,191.09135771911886
ORD-01442,2026-05-16,PROD-016,3.0,North,237.47687467222022
ORD-01443,2026-04-19,PROD-024,7.0,East,364.1414985970143
ORD-01444,2026-03-06,PROD-012,6.0,NORTH,331.7974475135879
ORD-01445,2026-03-27,PROD-015,7.0,WEST,357.2951710622856
ORD-01446,2026-05-25,PROD-025,5.0,North,14.098204119659979
ORD-01447,2026-03-12,PROD-010,6.0,NORTH,116.65702579446267
ORD-01448,2026-02-14,PROD-030,5.0,NORTH,334.2253013159297
ORD-01449,2026-05-12,PROD-025,7.0,NORTH,247.1547904080761
ORD-01450,2026-02-05,PROD-007,2.0,NORTH,12.603603077489513
ORD-01451,03/11/2026,PROD-020,5.0,East,404.20237479159294
ORD-01452,2026-06-08,PROD-005,6.0,South,388.6766909122653
ORD-01453,2026-01-19,PROD-001,6.0,East,278.7253898668457
ORD-01454,2026-04-18,PROD-030,5.0,East,42.56702963037334
ORD-01455,2026-06-16,PROD-017,7.0,North,385.5923742709665
ORD-01456,2026-04-01,PROD-003,8.0,North,296.01965798836835
ORD-01457,2026-03-31,PROD-013,7.0,South,393.1603888074
ORD-01458,2026-01-19,PROD-014,5.0,North,378.3560262739618
ORD-01459,2026-02-08,PROD-024,1.0,south,403.4710152593402
ORD-01460,2026-05-06,PROD-030,5.0,South,263.82395253826616
ORD-01461,06/22/2026,PROD-018,2.0,North,78.75901391482235
ORD-01462,2026-05-21,PROD-004,5.0,South,338.8671619560474
ORD-01463,2026-05-06,PROD-018,5.0,East,314.03215467546556
ORD-01464,2026-02-27,PROD-030,2.0,East,373.7040617275527
ORD-01465,2026-05-28,PROD-005,,South,93.2416929648603
ORD-01466,2026-03-02,PROD-025,4.0,south,105.53784795114171
ORD-01467,2026-05-07,PROD-016,1.0,south,446.300663437471
ORD-01468,2026-04-15,PROD-001,3.0,South,377.4891212415147
ORD-01469,2026-06-16,PROD-021,1.0,North,455.0319594631582
ORD-01470,2026-01-01,PROD-014,5.0,WEST,381.7705073703211
ORD-01471,05/11/2026,PROD-015,4.0,south,302.6060999352479
ORD-01472,2026-04-02,PROD-009,7.0,NORTH,330.5250411436581
ORD-01473,2026-04-23,PROD-015,5.0,East,445.6726827306049
ORD-01474,2026-06-02,PROD-017,4.0,South,293.61530971085085
ORD-01475,2026-02-25,PROD-025,2.0,NORTH,319.87174892090985
ORD-01476,2026-06-10,PROD-024,4.0,South,86.67359084176428
ORD-01477,2026-06-15,PROD-004,2.0,East,242.22139785689032
ORD-01478,2026-04-27,PROD-012,8.0,East,361.0345848594685
ORD-01479,2026-05-14,PROD-027,3.0,south,142.76192217501907
ORD-01480,2026-02-27,PROD-026,9.0,south,109.1045484570221
ORD-01481,02/13/2026,PROD-005,4.0,NORTH,163.77513602996362
ORD-01482,2026-06-22,PROD-029,6.0,South,128.3353077164884
ORD-01483,2026-06-09,PROD-005,5.0,East,115.30719214783396
ORD-01484,2026-06-22,PROD-011,1.0,NORTH,218.1769130053626
ORD-01485,2026-03-02,PROD-028,9.0,WEST,454.8408718029317
ORD-01486,2026-02-16,PROD-006,1.0,NORTH,258.459226901972
ORD-01487,2026-05-29,PROD-007,8.0,North,102.08098659950828
ORD-01488,2026-03-21,PROD-024,9.0,NORTH,47.7161179966283
ORD-01489,2026-04-28,PROD-014,9.0,North,351.11651111758334
ORD-01490,2026-06-13,PROD-024,1.0,North,197.57139457383005
ORD-01491,05/27/2026,PROD-011,2.0,North,412.69716382682606
ORD-01492,2026-01-20,PROD-030,1.0,WEST,333.1602766339774
ORD-01493,2026-05-26,PROD-013,2.0,NORTH,400.1583107652706
ORD-01494,2026-02-16,PROD-002,8.0,NORTH,143.2535593150399
ORD-01495,2026-02-18,PROD-025,5.0,WEST,349.2558720059185
ORD-01496,2026-01-14,PROD-007,7.0,East,139.3903724999222
ORD-01497,2026-05-23,PROD-020,2.0,south,470.1435549306429
ORD-01498,2026-06-08,PROD-004,8.0,NORTH,321.82339795135346
ORD-01499,2026-01-01,PROD-027,6.0,south,169.0107820859176
ORD-01500,2026-04-27,PROD-008,8.0,South,142.0608125232136
ORD-01501,02/23/2026,PROD-020,1.0,South,103.55402668510531
ORD-01502,2026-04-28,PROD-029,1.0,WEST,350.3740698579266
ORD-01503,2026-01-03,PROD-022,7.0,South,117.17065036898438
ORD-01504,2026-05-24,PROD-021,8.0,South,301.69860030446966
ORD-01505,2026-01-12,PROD-019,3.0,East,139.6711631934251
ORD-01506,2026-03-15,PROD-013,5.0,East,334.3647829489956
ORD-01507,2026-01-16,PROD-014,1.0,East,409.3204669848642
ORD-01508,2026-04-12,PROD-010,7.0,South,391.23236914088005
ORD-01509,2026-06-01,PROD-011,5.0,WEST,382.81715215608307
ORD-01510,2026-06-05,PROD-002,8.0,North,101.98397878920352
ORD-01511,04/27/2026,PROD-025,8.0,North,53.308624022414165
ORD-01512,2026-01-08,PROD-026,9.0,south,352.48492595881896
ORD-01513,2026-05-02,PROD-009,7.0,North,190.49013475923215
ORD-01514,2026-04-02,PROD-017,1.0,North,221.84965093764018
ORD-01515,2026-06-13,PROD-026,3.0,East,25.26305546876162
ORD-01516,2026-03-31,PROD-003,8.0,East,137.1924601447741
ORD-01517,2026-05-16,PROD-024,3.0,South,26.50143789848737
ORD-01518,2026-03-01,PROD-006,8.0,south,440.80102857461134
ORD-01519,2026-06-27,PROD-005,1.0,NORTH,129.26437477707992
ORD-01520,2026-01-28,PROD-005,5.0,south,283.09521309077394
ORD-01521,04/11/2026,PROD-022,4.0,south,29.099867123953903
ORD-01522,2026-02-10,PROD-015,5.0,WEST,336.7552217397725
ORD-01523,2026-06-04,PROD-023,8.0,South,168.283399419506
ORD-01524,2026-05-25,PROD-017,4.0,WEST,449.98040160925626
ORD-01525,2026-06-10,PROD-009,4.0,south,445.17791257767755
ORD-01526,2026-06-06,PROD-003,3.0,south,169.3924029972564
ORD-01527,2026-05-21,PROD-020,7.0,south,451.47083888832924
ORD-01528,2026-02-15,PROD-026,3.0,North,498.1172600144016
ORD-01529,2026-02-04,PROD-017,3.0,WEST,414.45367542073456
ORD-01530,2026-05-14,PROD-029,5.0,south,423.98696040006223
ORD-01531,03/23/2026,PROD-027,5.0,East,132.01428069345405
ORD-01532,2026-04-25,PROD-010,6.0,South,292.5841754403006
ORD-01533,2026-02-16,PROD-003,8.0,South,42.95539784401025
ORD-01534,2026-06-02,PROD-018,6.0,East,56.50978904261816
ORD-01535,2026-01-10,PROD-018,1.0,South,499.4573798963124
ORD-01536,2026-02-25,PROD-030,8.0,North,170.05323221869637
ORD-01537,2026-01-30,PROD-017,8.0,North,376.61011690393474
ORD-01538,2026-04-19,PROD-024,9.0,NORTH,405.26587598314006
ORD-01539,2026-01-05,PROD-003,9.0,NORTH,430.4314027935423
ORD-01540,2026-04-29,PROD-003,2.0,NORTH,498.8378657270567
ORD-01541,02/02/2026,PROD-006,2.0,South,128.33327777586524
ORD-01542,2026-04-28,PROD-013,3.0,North,29.771905161252857
ORD-01543,2026-03-06,PROD-024,1.0,North,211.48384381734712
ORD-01544,2026-05-26,PROD-029,4.0,North,73.739528216184
ORD-01545,2026-06-26,PROD-015,4.0,East,20.98868568940701
ORD-01546,2026-01-11,PROD-025,9.0,North,186.6091452993282
ORD-01547,2026-03-26,PROD-009,9.0,East,394.03174302686585
ORD-01548,2026-01-26,PROD-004,9.0,NORTH,287.4285387002847
ORD-01549,2026-03-04,PROD-014,7.0,NORTH,163.26121471307349
ORD-01550,2026-03-27,PROD-005,2.0,South,330.6275826914327
ORD-01551,02/28/2026,PROD-002,5.0,NORTH,123.68890835131725
ORD-01552,2026-01-27,PROD-011,4.0,South,17.046908575321662
ORD-01553,2026-06-26,PROD-009,8.0,south,384.5331593538494
ORD-01554,2026-06-10,PROD-024,2.0,south,315.6341115833645
ORD-01555,2026-04-08,PROD-003,6.0,WEST,383.52828600547036
ORD-01556,2026-04-15,PROD-027,5.0,South,29.07962817695615
ORD-01557,2026-04-09,PROD-028,2.0,WEST,420.18861763701955
ORD-01558,2026-05-09,PROD-029,1.0,WEST,313.56783801778863
ORD-01559,2026-05-29,PROD-009,8.0,south,286.06372184919366
ORD-01560,2026-02-24,PROD-003,2.0,South,316.0608835761205
ORD-01561,01/06/2026,PROD-025,7.0,south,433.5722909654984
ORD-01562,2026-04-05,PROD-002,9.0,WEST,297.5988882138645
ORD-01563,2026-05-13,PROD-012,9.0,South,294.66568614520787
ORD-01564,2026-04-12,PROD-010,8.0,WEST,495.43278696222524
ORD-01565,2026-01-03,PROD-009,9.0,North,380.7977818635983
ORD-01566,2026-01-23,PROD-015,2.0,South,226.72396467105628
ORD-01567,2026-02-22,PROD-008,6.0,South,356.6245300161346
ORD-01568,2026-06-14,PROD-025,4.0,WEST,200.72293112897637
ORD-01569,2026-03-24,PROD-005,4.0,North,122.14897661691451
ORD-01570,2026-05-25,PROD-011,5.0,East,302.45741967500214
ORD-01571,03/26/2026,PROD-027,3.0,south,464.80922807583624
ORD-01572,2026-03-19,PROD-002,1.0,WEST,465.27836480757674
ORD-01573,2026-04-20,PROD-024,8.0,South,177.53358627169027
ORD-01574,2026-01-01,PROD-028,5.0,south,
ORD-01575,2026-02-20,PROD-015,3.0,south,113.701590299232
ORD-01576,2026-06-22,PROD-006,7.0,south,497.8592436544529
ORD-01577,2026-01-04,PROD-008,7.0,East,490.7477748552885
ORD-01578,2026-04-23,PROD-027,1.0,NORTH,328.2593755566492
ORD-01579,2026-02-01,PROD-005,9.0,WEST,404.162889241962
ORD-01580,2026-02-03,PROD-016,2.0,NORTH,360.399079029013
ORD-01581,04/02/2026,PROD-026,5.0,NORTH,300.6475273293394
ORD-01582,2026-04-05,PROD-018,5.0,NORTH,36.140518524559866
ORD-01583,2026-03-13,PROD-006,8.0,south,232.83452785080394
ORD-01584,2026-02-08,PROD-005,8.0,North,340.64528806203117
ORD-01585,2026-06-03,PROD-028,7.0,south,341.99049080300546
ORD-01586,2026-06-11,PROD-016,7.0,south,192.83008302696797
ORD-01587,2026-04-28,PROD-013,6.0,South,471.429073462435
ORD-01588,2026-01-03,PROD-028,6.0,South,92.0049457960227
ORD-01589,2026-05-03,PROD-005,9.0,NORTH,255.1761286456247
ORD-01590,2026-02-19,PROD-013,6.0,south,348.5331485099032
ORD-01591,01/12/2026,PROD-017,2.0,NORTH,351.5965448869865
ORD-01592,2026-02-23,PROD-018,2.0,South,
ORD-01593,2026-05-13,PROD-008,5.0,North,144.8912245914115
ORD-01594,2026-02-26,PROD-013,4.0,WEST,86.54121865644477
ORD-01595,2026-05-25,PROD-030,2.0,NORTH,321.6107601450883
ORD-01596,2026-04-22,PROD-029,3.0,North,303.6580369083245
ORD-01597,2026-02-16,PROD-019,7.0,WEST,97.88444504172807
ORD-01598,2026-05-31,PROD-026,8.0,East,355.518181329576
ORD-01599,2026-03-26,PROD-003,6.0,NORTH,233.03427594949164
ORD-01600,2026-05-22,PROD-024,5.0,NORTH,337.20268988554494
ORD-01601,03/07/2026,PROD-008,1.0,East,420.30986908737384
ORD-01602,2026-03-16,PROD-002,8.0,East,93.16693000269235
ORD-01603,2026-06-28,PROD-008,3.0,NORTH,19.380985318449973
ORD-01604,2026-04-13,PROD-027,6.0,East,391.76026733393553
ORD-01605,2026-06-15,PROD-013,3.0,south,308.7517383247818
ORD-01606,2026-02-07,PROD-013,7.0,WEST,352.82338911483964
ORD-01607,2026-02-19,PROD-001,7.0,WEST,420.69593774443484
ORD-01608,2026-04-08,PROD-006,9.0,WEST,403.37735806400525
ORD-01609,2026-03-23,PROD-024,5.0,south,
ORD-01610,2026-01-30,PROD-019,8.0,East,272.6081886375379
ORD-01611,03/20/2026,PROD-016,8.0,North,249.36286000335363
ORD-01612,2026-04-01,PROD-008,1.0,East,206.92472794645772
ORD-01613,2026-06-28,PROD-028,5.0,NORTH,85.30861099366022
ORD-01614,2026-02-21,PROD-001,3.0,South,290.577544112191
ORD-01615,2026-06-15,PROD-027,1.0,WEST,145.7361369197296
ORD-01616,2026-03-20,PROD-027,4.0,East,461.440680984358
ORD-01617,2026-01-30,PROD-016,8.0,North,295.7634940957778
ORD-01618,2026-04-16,PROD-009,3.0,NORTH,300.491688448974
ORD-01619,2026-02-20,PROD-013,2.0,south,183.91308382973492
ORD-01620,2026-03-22,PROD-011,9.0,south,35.47478246907667
ORD-01621,05/13/2026,PROD-013,5.0,North,25.554445032764423
ORD-01622,2026-01-29,PROD-025,,NORTH,217.43422063506677
ORD-01623,2026-05-12,PROD-021,2.0,WEST,51.43703526764655
ORD-01624,2026-05-18,PROD-010,9.0,East,307.35500821466815
ORD-01625,2026-05-25,PROD-004,9.0,NORTH,441.67677276343215
ORD-01626,2026-03-15,PROD-027,4.0,south,442.62826009417387
ORD-01627,2026-01-17,PROD-006,4.0,North,332.93225096479387
ORD-01628,2026-03-25,PROD-028,6.0,North,113.50359742173619
ORD-01629,2026-03-10,PROD-007,6.0,East,432.8684473658473
ORD-01630,2026-02-03,PROD-005,1.0,North,444.185783303472
ORD-01631,01/06/2026,PROD-011,9.0,North,106.36025662694976
ORD-01632,2026-02-22,PROD-013,2.0,NORTH,371.33878202763185
ORD-01633,2026-05-06,PROD-026,5.0,WEST,150.39457897429025
ORD-01634,2026-02-12,PROD-025,9.0,East,403.29375305293553
ORD-01635,2026-04-25,PROD-019,4.0,NORTH,498.64657095276533
ORD-01636,2026-04-21,PROD-023,3.0,WEST,24.71274261140248
ORD-01637,2026-05-31,PROD-010,7.0,NORTH,449.70927423755666
ORD-01638,2026-03-21,PROD-010,6.0,South,315.08896146334246
ORD-01639,2026-04-05,PROD-011,8.0,NORTH,486.9574833907624
ORD-01640,2026-04-28,PROD-021,3.0,North,237.85466358794952
ORD-01641,05/24/2026,PROD-030,5.0,WEST,425.22008597997313
ORD-01642,2026-01-08,PROD-007,4.0,East,40.57309361315585
ORD-01643,2026-05-12,PROD-018,4.0,East,174.2867345383649
ORD-01644,2026-04-14,PROD-004,4.0,WEST,42.838103498092885
ORD-01645,2026-05-12,PROD-002,8.0,North,487.9181354047446
ORD-01646,2026-01-25,PROD-014,6.0,south,410.31721456319997
ORD-01647,2026-04-06,PROD-013,3.0,NORTH,427.7482364105255
ORD-01648,2026-06-04,PROD-029,5.0,North,469.60296340260817
ORD-01649,2026-04-03,PROD-012,6.0,South,51.70070819869483
ORD-01650,2026-06-09,PROD-007,5.0,WEST,198.94282033153334
ORD-01651,06/27/2026,PROD-002,6.0,NORTH,44.80709563156104
ORD-01652,2026-03-02,PROD-013,8.0,East,113.28861975951402
ORD-01653,2026-05-02,PROD-014,7.0,south,122.38923074845945
ORD-01654,2026-02-20,PROD-027,5.0,South,239.86253341331354
ORD-01655,2026-05-27,PROD-017,6.0,East,141.59546205228486
ORD-01656,2026-01-21,PROD-009,4.0,WEST,59.479272340702934
ORD-01657,2026-01-05,PROD-017,9.0,NORTH,
ORD-01658,2026-04-02,PROD-008,4.0,WEST,82.16502614052456
ORD-01659,2026-06-19,PROD-002,1.0,NORTH,486.8076309770262
ORD-01660,2026-03-02,PROD-028,7.0,North,382.05332839005206
ORD-01661,01/22/2026,PROD-024,7.0,south,484.20311798208536
ORD-01662,2026-05-29,PROD-013,4.0,North,225.47283838887518
ORD-01663,2026-03-11,PROD-003,3.0,North,146.40055601470172
ORD-01664,2026-01-01,PROD-016,8.0,WEST,401.1636666325015
ORD-01665,2026-05-13,PROD-006,5.0,south,169.86441984016193
ORD-01666,2026-01-12,PROD-019,7.0,NORTH,156.69785311562066
ORD-01667,2026-03-31,PROD-030,4.0,NORTH,123.92793618183728
ORD-01668,2026-02-15,PROD-007,4.0,South,73.54269932987532
ORD-01669,2026-02-03,PROD-010,8.0,East,135.66689989821532
ORD-01670,2026-06-26,PROD-009,8.0,South,184.10667675220498
ORD-01671,03/19/2026,PROD-002,2.0,South,340.2571619914079
ORD-01672,2026-02-14,PROD-028,2.0,NORTH,40.65677268753127
ORD-01673,2026-06-04,PROD-028,3.0,WEST,113.14840043601805
ORD-01674,2026-03-14,PROD-015,3.0,North,406.4215837429214
ORD-01675,2026-01-26,PROD-030,1.0,North,81.99174255604767
ORD-01676,2026-02-16,PROD-005,3.0,North,177.89612179603554
ORD-01677,2026-05-01,PROD-029,6.0,south,433.68287171048866
ORD-01678,2026-02-25,PROD-022,8.0,NORTH,85.9134024602869
ORD-01679,2026-04-04,PROD-004,6.0,WEST,50.54104945291305
ORD-01680,2026-04-17,PROD-020,5.0,south,247.42361758920532
ORD-01681,03/04/2026,PROD-004,4.0,East,158.18556052648285
ORD-01682,2026-02-17,PROD-018,3.0,WEST,286.07009859708853
ORD-01683,2026-03-02,PROD-004,4.0,South,403.8643963369028
ORD-01684,2026-03-22,PROD-027,7.0,WEST,77.20275919484415
ORD-01685,2026-01-26,PROD-017,1.0,WEST,294.54255143159963
ORD-01686,2026-02-05,PROD-012,7.0,North,257.6992925910333
ORD-01687,2026-01-01,PROD-022,1.0,WEST,80.59860514646779
ORD-01688,2026-01-08,PROD-017,2.0,South,315.7592579092014
ORD-01689,2026-04-23,PROD-010,4.0,South,144.0838047517781
ORD-01690,2026-04-09,PROD-022,1.0,NORTH,249.03881608656613
ORD-01691,06/29/2026,PROD-001,9.0,WEST,50.31343889576032
ORD-01692,2026-02-16,PROD-022,6.0,North,235.1961880346753
ORD-01693,2026-05-07,PROD-026,1.0,WEST,160.16709934098196
ORD-01694,2026-02-25,PROD-024,1.0,East,412.96679348082364
ORD-01695,2026-01-14,PROD-027,6.0,East,37.919576228710454
ORD-01696,2026-01-28,PROD-018,4.0,North,215.11756470998168
ORD-01697,2026-03-19,PROD-018,4.0,NORTH,234.63139782440462
ORD-01698,2026-05-10,PROD-014,6.0,NORTH,365.2529773865682
ORD-01699,2026-04-19,PROD-015,7.0,South,291.4009117942034
ORD-01700,2026-06-03,PROD-029,9.0,South,336.93404522514874
ORD-01701,01/14/2026,PROD-012,5.0,south,390.7541499693605
ORD-01702,2026-02-25,PROD-004,9.0,North,432.4794570925125
ORD-01703,2026-04-25,PROD-027,4.0,WEST,163.79899339401055
ORD-01704,2026-01-07,PROD-003,2.0,North,273.6311256283125
ORD-01705,2026-01-03,PROD-020,3.0,south,421.65295843520795
ORD-01706,2026-04-21,PROD-029,1.0,South,494.83105417287766
ORD-01707,2026-05-31,PROD-012,6.0,North,445.8644624114439
ORD-01708,2026-04-17,PROD-007,6.0,North,192.01895868594463
ORD-01709,2026-01-18,PROD-029,1.0,South,105.6315934371387
ORD-01710,2026-02-07,PROD-011,3.0,south,249.80234332922848
ORD-01711,04/25/2026,PROD-001,5.0,South,373.4043113996607
ORD-01712,2026-01-15,PROD-006,3.0,NORTH,251.35884466911583
ORD-01713,2026-04-29,PROD-015,3.0,WEST,246.75862302369757
ORD-01714,2026-01-28,PROD-015,3.0,South,420.7329063300823
ORD-01715,2026-02-08,PROD-019,5.0,south,187.08785174292132
ORD-01716,2026-01-17,PROD-011,5.0,East,431.29939065770634
ORD-01717,2026-03-27,PROD-026,4.0,NORTH,209.33435246634454
ORD-01718,2026-05-06,PROD-023,1.0,East,170.83422178238632
ORD-01719,2026-02-13,PROD-026,5.0,South,232.45505648785252
ORD-01720,2026-01-25,PROD-002,5.0,NORTH,383.5990097506855
ORD-01721,05/25/2026,PROD-014,4.0,WEST,71.74099365335721
ORD-01722,2026-01-13,PROD-002,6.0,South,106.24541577728851
ORD-01723,2026-01-25,PROD-029,4.0,WEST,476.2079645749151
ORD-01724,2026-03-09,PROD-004,7.0,North,95.99089741686511
ORD-01725,2026-05-18,PROD-017,7.0,East,288.18638578621676
ORD-01726,2026-03-08,PROD-003,2.0,NORTH,293.86408866434954
ORD-01727,2026-04-19,PROD-013,3.0,WEST,249.91598640461996
ORD-01728,2026-05-26,PROD-009,1.0,south,325.9251718026411
ORD-01729,2026-04-21,PROD-007,,WEST,122.61509564083303
ORD-01730,2026-04-21,PROD-015,9.0,south,280.8045112106066
ORD-01731,02/03/2026,PROD-023,4.0,South,192.3648950709796
ORD-01732,2026-04-21,PROD-029,6.0,NORTH,334.21695721830264
ORD-01733,2026-01-08,PROD-029,9.0,WEST,79.19953625284323
ORD-01734,2026-06-17,PROD-011,6.0,WEST,289.72993425134337
ORD-01735,2026-04-23,PROD-020,9.0,NORTH,100.78247413782861
ORD-01736,2026-03-24,PROD-002,4.0,WEST,146.53510092636785
ORD-01737,2026-02-11,PROD-015,8.0,south,117.16780215855579
ORD-01738,2026-06-18,PROD-014,9.0,WEST,99.59051213572039
ORD-01739,2026-04-11,PROD-020,4.0,East,414.59836626472685
ORD-01740,2026-01-06,PROD-022,5.0,South,149.99670815383627
ORD-01741,06/29/2026,PROD-011,8.0,North,464.29065311358016
ORD-01742,2026-01-26,PROD-027,6.0,south,485.2639974191435
ORD-01743,2026-03-05,PROD-003,7.0,East,289.9176302691777
ORD-01744,2026-02-28,PROD-017,3.0,South,80.07055010620593
ORD-01745,2026-04-19,PROD-030,7.0,NORTH,193.52863925599482
ORD-01746,2026-05-01,PROD-012,8.0,south,400.8888090406249
ORD-01747,2026-02-02,PROD-024,6.0,North,190.02145706156452
ORD-01748,2026-05-30,PROD-028,9.0,South,52.638436968366484
ORD-01749,2026-01-21,PROD-029,6.0,North,282.8246063548121
ORD-01750,2026-03-11,PROD-021,9.0,NORTH,424.10921723305705
ORD-01751,04/22/2026,PROD-015,4.0,NORTH,400.0039297003162
ORD-01752,2026-01-04,PROD-016,8.0,south,95.81033866387308
ORD-01753,2026-04-04,PROD-005,4.0,WEST,339.6546610621087
ORD-01754,2026-03-16,PROD-027,2.0,NORTH,118.04708908346709
ORD-01755,2026-03-03,PROD-020,9.0,South,116.92169193056439
ORD-01756,2026-04-04,PROD-006,5.0,WEST,438.29516891954074
ORD-01757,2026-04-05,PROD-019,4.0,East,132.33778684271277
ORD-01758,2026-06-01,PROD-025,2.0,North,138.99119979382547
ORD-01759,2026-02-24,PROD-005,1.0,WEST,10.320161473036782
ORD-01760,2026-05-17,PROD-003,7.0,North,436.62782672150365
ORD-01761,05/11/2026,PROD-027,6.0,WEST,398.37145847247604
ORD-01762,2026-01-31,PROD-001,2.0,East,317.3911781944322
ORD-01763,2026-02-09,PROD-026,8.0,NORTH,377.6302243300327
ORD-01764,2026-02-05,PROD-028,4.0,East,84.50379803800098
ORD-01765,2026-06-01,PROD-006,8.0,NORTH,234.57856134791197
ORD-01766,2026-01-06,PROD-015,7.0,NORTH,182.09749980090263
ORD-01767,2026-03-07,PROD-002,5.0,North,55.95049786593808
ORD-01768,2026-03-16,PROD-029,8.0,South,248.2039377553128
ORD-01769,2026-01-04,PROD-003,9.0,East,461.16242866789133
ORD-01770,2026-03-20,PROD-017,5.0,WEST,29.628968334840295
ORD-01771,05/14/2026,PROD-025,5.0,East,152.81584761195901
ORD-01772,2026-04-28,PROD-024,2.0,North,111.69505874079469
ORD-01773,2026-04-23,PROD-012,5.0,NORTH,126.6918602961912
ORD-01774,2026-04-04,PROD-018,3.0,North,455.1329304208939
ORD-01775,2026-06-28,PROD-015,7.0,south,239.35383657480216
ORD-01776,2026-03-03,PROD-012,5.0,south,238.48671234051122
ORD-01777,2026-03-20,PROD-016,8.0,WEST,382.68206480308834
ORD-01778,2026-05-16,PROD-027,1.0,North,85.70117996241365
ORD-01779,2026-01-26,PROD-008,,WEST,248.76002350902488
ORD-01780,2026-06-28,PROD-028,3.0,WEST,220.69275491931927
ORD-01781,06/22/2026,PROD-014,9.0,south,302.4862383678615
ORD-01782,2026-02-13,PROD-025,5.0,WEST,499.7832745927149
ORD-01783,2026-05-13,PROD-017,9.0,south,387.0299581002031
ORD-01784,2026-03-11,PROD-029,9.0,NORTH,204.9541944785393
ORD-01785,2026-06-03,PROD-021,1.0,North,415.500995614283
ORD-01786,2026-04-28,PROD-008,2.0,WEST,93.64709802311529
ORD-01787,2026-03-09,PROD-015,5.0,south,24.927206291390462
ORD-01788,2026-01-19,PROD-027,4.0,East,110.1797025074938
ORD-01789,2026-01-20,PROD-014,9.0,WEST,176.80166249598724
ORD-01790,2026-04-23,PROD-018,7.0,South,260.18457115518436
ORD-01791,05/20/2026,PROD-020,6.0,NORTH,311.4132788651879
ORD-01792,2026-02-16,PROD-007,7.0,NORTH,456.1968014350667
ORD-01793,2026-01-01,PROD-003,1.0,East,259.8284646797242
ORD-01794,2026-03-31,PROD-029,1.0,south,255.6250658666074
ORD-01795,2026-05-22,PROD-012,8.0,WEST,34.61907481326125
ORD-01796,2026-03-05,PROD-021,2.0,south,27.106660801549666
ORD-01797,2026-02-07,PROD-024,9.0,NORTH,280.0683813390223
ORD-01798,2026-02-06,PROD-028,7.0,south,224.7075204916888
ORD-01799,2026-05-06,PROD-026,6.0,NORTH,421.19839354034633
ORD-01800,2026-05-19,PROD-003,1.0,south,88.73299650880413
ORD-01801,04/10/2026,PROD-020,1.0,East,22.236114437354303
ORD-01802,2026-03-18,PROD-014,2.0,North,230.02899628576168
ORD-01803,2026-01-03,PROD-015,6.0,East,126.36449280860617
ORD-01804,2026-06-10,PROD-025,6.0,East,34.31104293603035
ORD-01805,2026-05-14,PROD-030,2.0,North,365.0531605553382
ORD-01806,2026-06-27,PROD-014,1.0,North,64.68056997905126
ORD-01807,2026-01-10,PROD-007,5.0,WEST,308.07655500380815
ORD-01808,2026-01-05,PROD-017,5.0,WEST,147.7143775817757
ORD-01809,2026-05-31,PROD-030,2.0,East,95.0130646739608
ORD-01810,2026-05-18,PROD-012,6.0,East,196.07824623046557
ORD-01811,06/21/2026,PROD-020,9.0,NORTH,402.7084303492473
ORD-01812,2026-05-10,PROD-004,2.0,NORTH,202.12585268324062
ORD-01813,2026-01-13,PROD-009,2.0,WEST,377.8771281134173
ORD-01814,2026-06-17,PROD-006,3.0,South,71.48828543158385
ORD-01815,2026-05-10,PROD-016,7.0,South,388.65799563588877
ORD-01816,2026-03-25,PROD-025,6.0,WEST,126.09732920425783
ORD-01817,2026-03-06,PROD-028,8.0,NORTH,341.92263364554765
ORD-01818,2026-03-04,PROD-022,8.0,NORTH,287.2329618720882
ORD-01819,2026-04-11,PROD-022,6.0,South,465.28091143372677
ORD-01820,2026-03-14,PROD-021,3.0,south,199.78803380790387
ORD-01821,01/17/2026,PROD-021,3.0,south,42.42094252887582
ORD-01822,2026-01-09,PROD-002,1.0,NORTH,19.386187920113922
ORD-01823,2026-05-23,PROD-024,7.0,south,415.160694876649
ORD-01824,2026-06-01,PROD-008,5.0,North,267.12046245410176
ORD-01825,2026-02-07,PROD-011,4.0,WEST,389.8695853991251
ORD-01826,2026-06-12,PROD-013,4.0,WEST,124.86854400564219
ORD-01827,2026-04-04,PROD-017,4.0,NORTH,179.09103530148454
ORD-01828,2026-04-05,PROD-008,6.0,East,24.75089738354628
ORD-01829,2026-02-18,PROD-021,8.0,South,481.131239041315
ORD-01830,2026-03-10,PROD-018,8.0,NORTH,337.2552742833986
ORD-01831,03/03/2026,PROD-030,5.0,south,
ORD-01832,2026-06-27,PROD-018,6.0,South,140.09323964024543
ORD-01833,2026-03-19,PROD-014,4.0,East,309.6171695005738
ORD-01834,2026-04-27,PROD-015,9.0,south,342.4649844633925
ORD-01835,2026-04-30,PROD-006,8.0,North,165.59935312621835
ORD-01836,2026-05-17,PROD-011,1.0,south,425.5735251576587
ORD-01837,2026-06-11,PROD-013,2.0,North,474.10911682112146
ORD-01838,2026-03-17,PROD-025,9.0,South,443.5790076710421
ORD-01839,2026-02-04,PROD-001,,North,372.14281821029255
ORD-01840,2026-01-01,PROD-028,3.0,South,145.9576930652275
ORD-01841,02/09/2026,PROD-006,8.0,South,147.99186063175955
ORD-01842,2026-03-05,PROD-009,1.0,South,482.0465570185586
ORD-01843,2026-05-30,PROD-008,4.0,South,15.039403008489094
ORD-01844,2026-03-01,PROD-011,3.0,South,360.8644868886508
ORD-01845,2026-03-05,PROD-022,6.0,south,356.06061965207846
ORD-01846,2026-04-03,PROD-019,7.0,South,315.11787506540077
ORD-01847,2026-03-13,PROD-024,4.0,south,495.15333458256424
ORD-01848,2026-01-11,PROD-009,7.0,South,
ORD-01849,2026-04-15,PROD-017,9.0,North,176.5862132586916
ORD-01850,2026-01-14,PROD-012,2.0,South,48.68030744381222
ORD-01851,03/01/2026,PROD-025,3.0,East,226.97108690643134
ORD-01852,2026-01-30,PROD-014,5.0,South,137.91377785507558
ORD-01853,2026-02-04,PROD-015,3.0,South,178.25948406704566
ORD-01854,2026-06-14,PROD-016,8.0,North,418.94017722525757
ORD-01855,2026-01-05,PROD-022,8.0,WEST,
ORD-01856,2026-03-24,PROD-022,8.0,North,101.00920528254096
ORD-01857,2026-05-03,PROD-028,9.0,East,192.52937646119827
ORD-01858,2026-03-19,PROD-020,4.0,WEST,465.0289754365431
ORD-01859,2026-06-03,PROD-001,5.0,NORTH,40.28614573771909
ORD-01860,2026-03-03,PROD-010,5.0,NORTH,55.25665877457547
ORD-01861,05/12/2026,PROD-008,8.0,East,89.7675847110524
ORD-01862,2026-03-30,PROD-018,7.0,North,301.65428872216864
ORD-01863,2026-02-11,PROD-028,9.0,south,83.73141279293876
ORD-01864,2026-03-30,PROD-001,8.0,East,484.35742691085943
ORD-01865,2026-05-26,PROD-002,2.0,WEST,228.89011835667498
ORD-01866,2026-02-09,PROD-001,4.0,WEST,255.74380057158152
ORD-01867,2026-03-13,PROD-001,6.0,South,130.86272174464918
ORD-01868,2026-02-08,PROD-009,2.0,NORTH,240.7705236930194
ORD-01869,2026-04-14,PROD-013,7.0,WEST,334.33767999213563
ORD-01870,2026-01-14,PROD-030,3.0,East,378.07679710748096
ORD-01871,02/01/2026,PROD-001,3.0,WEST,379.39536052785735
ORD-01872,2026-06-28,PROD-013,2.0,East,293.1666452201033
ORD-01873,2026-05-05,PROD-020,8.0,south,453.13628974699003
ORD-01874,2026-06-15,PROD-026,6.0,South,410.5298451799936
ORD-01875,2026-04-07,PROD-022,1.0,NORTH,380.9535762023265
ORD-01876,2026-01-23,PROD-007,1.0,WEST,37.246705623425704
ORD-01877,2026-03-04,PROD-002,7.0,East,
ORD-01878,2026-05-23,PROD-006,8.0,North,114.09916582578175
ORD-01879,2026-06-02,PROD-007,5.0,NORTH,335.1265610175916
ORD-01880,2026-05-25,PROD-026,5.0,south,211.48676955244744
ORD-01881,02/22/2026,PROD-014,4.0,East,207.17906705666275
ORD-01882,2026-04-14,PROD-026,6.0,South,443.4475752325107
ORD-01883,2026-04-14,PROD-018,6.0,South,448.825795584601
ORD-01884,2026-06-28,PROD-015,3.0,south,455.495879386257
ORD-01885,2026-02-08,PROD-002,9.0,south,163.8002574923634
ORD-01886,2026-06-28,PROD-010,7.0,South,348.6173482422383
ORD-01887,2026-05-14,PROD-023,1.0,WEST,143.1002588244411
ORD-01888,2026-03-08,PROD-012,7.0,WEST,103.3988182064804
ORD-01889,2026-05-15,PROD-017,5.0,East,100.46990410021091
ORD-01890,2026-06-28,PROD-008,5.0,North,177.63273422316107
ORD-01891,02/11/2026,PROD-011,2.0,East,220.67923369211263
ORD-01892,2026-01-15,PROD-029,4.0,North,417.16509381698353
ORD-01893,2026-04-21,PROD-003,6.0,south,68.74663580162893
ORD-01894,2026-06-06,PROD-027,7.0,NORTH,370.1136652234982
ORD-01895,2026-02-02,PROD-006,5.0,East,270.4129079527596
ORD-01896,2026-06-04,PROD-009,9.0,East,151.0932179112363
ORD-01897,2026-06-13,PROD-006,3.0,North,251.48159642108405
ORD-01898,2026-06-06,PROD-009,1.0,south,156.9716141907411
ORD-01899,2026-02-07,PROD-007,4.0,south,302.0801580667699
ORD-01900,2026-04-07,PROD-009,9.0,North,222.58352219906965
ORD-01901,06/04/2026,PROD-018,4.0,south,90.55870924865057
ORD-01902,2026-02-02,PROD-012,2.0,South,67.12570653229139
ORD-01903,2026-03-27,PROD-008,5.0,WEST,277.88088421534377
ORD-01904,2026-03-07,PROD-008,3.0,South,452.1823863101907
ORD-01905,2026-01-10,PROD-018,9.0,NORTH,178.53926641326592
ORD-01906,2026-01-05,PROD-028,4.0,East,369.17005253908536
ORD-01907,2026-05-03,PROD-030,6.0,NORTH,332.7440639204858
ORD-01908,2026-03-15,PROD-020,2.0,East,466.4619080116457
ORD-01909,2026-04-07,PROD-030,6.0,WEST,412.280698476579
ORD-01910,2026-04-28,PROD-015,3.0,south,287.63657686367685
ORD-01911,02/07/2026,PROD-027,9.0,South,331.94494413471256
ORD-01912,2026-05-21,PROD-007,2.0,North,450.2093686261771
ORD-01913,2026-06-08,PROD-011,9.0,South,205.76420444759805
ORD-01914,2026-02-16,PROD-020,5.0,WEST,170.1294058703109
ORD-01915,2026-04-19,PROD-016,8.0,NORTH,15.297430981246206
ORD-01916,2026-06-29,PROD-004,2.0,North,415.01002635381747
ORD-01917,2026-01-15,PROD-006,6.0,south,402.4805431976488
ORD-01918,2026-06-06,PROD-026,3.0,WEST,61.18271386907418
ORD-01919,2026-05-16,PROD-022,5.0,North,292.6601167550231
ORD-01920,2026-01-05,PROD-026,8.0,WEST,237.35103210177482
ORD-01921,06/06/2026,PROD-003,1.0,WEST,68.16745679946462
ORD-01922,2026-02-16,PROD-009,5.0,south,490.47843125975453
ORD-01923,2026-03-09,PROD-028,3.0,East,115.20098485704416
ORD-01924,2026-03-17,PROD-010,4.0,North,
ORD-01925,2026-06-22,PROD-014,2.0,south,301.4752159559357
ORD-01926,2026-05-10,PROD-011,9.0,WEST,372.044671795186
ORD-01927,2026-06-04,PROD-018,,south,25.897288563121613
ORD-01928,2026-04-05,PROD-022,2.0,East,332.77164297624086
ORD-01929,2026-04-25,PROD-012,9.0,South,270.8230192162127
ORD-01930,2026-06-13,PROD-023,7.0,North,60.599854348773725
ORD-01931,02/05/2026,PROD-012,6.0,East,94.53669970371742
ORD-01932,2026-01-26,PROD-013,1.0,NORTH,288.3074056848794
ORD-01933,2026-02-12,PROD-025,5.0,North,155.2152306215113
ORD-01934,2026-01-27,PROD-013,3.0,East,469.77470703914486
ORD-01935,2026-03-10,PROD-019,1.0,WEST,411.1827124471849
ORD-01936,2026-05-28,PROD-026,4.0,North,491.94793119169486
ORD-01937,2026-01-11,PROD-019,2.0,North,137.23871108570285
ORD-01938,2026-03-15,PROD-023,2.0,south,485.16458007100874
ORD-01939,2026-04-14,PROD-014,3.0,WEST,221.30459619786336
ORD-01940,2026-02-07,PROD-004,8.0,NORTH,180.28420970373978
ORD-01941,05/14/2026,PROD-013,8.0,South,34.67126821498309
ORD-01942,2026-01-23,PROD-008,7.0,East,35.85497635120528
ORD-01943,2026-02-16,PROD-029,6.0,south,349.0855154138608
ORD-01944,2026-03-31,PROD-023,9.0,East,234.38520727267368
ORD-01945,2026-02-15,PROD-021,4.0,NORTH,120.9955967576918
ORD-01946,2026-04-17,PROD-023,1.0,NORTH,310.845450099364
ORD-01947,2026-05-20,PROD-019,8.0,North,133.90047794255446
ORD-01948,2026-05-21,PROD-012,7.0,NORTH,293.03955962876705
ORD-01949,2026-04-14,PROD-018,7.0,East,186.01228602151826
ORD-01950,2026-04-21,PROD-006,3.0,WEST,413.5405910397913
ORD-01951,04/14/2026,PROD-018,4.0,WEST,412.14111877572185
ORD-01952,2026-03-01,PROD-019,9.0,North,243.90169507997663
ORD-01953,2026-06-20,PROD-022,6.0,South,181.90136357415764
ORD-01954,2026-04-10,PROD-005,5.0,East,187.65430031395633
ORD-01955,2026-03-09,PROD-024,3.0,East,404.80011757742676
ORD-01956,2026-05-13,PROD-009,9.0,NORTH,170.80794657082987
ORD-01957,2026-04-30,PROD-027,5.0,East,112.43909311635456
ORD-01958,2026-02-06,PROD-003,5.0,south,51.49728751890034
ORD-01959,2026-03-13,PROD-028,4.0,South,238.67962923336012
ORD-01960,2026-05-07,PROD-010,4.0,NORTH,246.24472847072252
ORD-01961,04/16/2026,PROD-019,1.0,south,422.0452680974245
ORD-01962,2026-04-02,PROD-003,7.0,North,118.40696125857134
ORD-01963,2026-01-31,PROD-029,9.0,WEST,196.68572409751596
ORD-01964,2026-05-02,PROD-029,3.0,North,406.11881205790854
ORD-01965,2026-05-17,PROD-022,2.0,WEST,413.57556926699704
ORD-01966,2026-02-20,PROD-015,3.0,North,198.45942722959643
ORD-01967,2026-01-29,PROD-001,1.0,East,234.97077141047365
ORD-01968,2026-02-09,PROD-007,6.0,south,158.61008651614864
ORD-01969,2026-02-10,PROD-012,7.0,WEST,466.9518904254629
ORD-01970,2026-01-11,PROD-017,2.0,NORTH,68.13544521337435
ORD-01971,05/31/2026,PROD-030,8.0,south,467.5372172707203
ORD-01972,2026-01-01,PROD-021,6.0,NORTH,345.0945613993182
ORD-01973,2026-02-15,PROD-026,4.0,south,270.4703548164983
ORD-01974,2026-04-11,PROD-029,5.0,south,26.00293978440298
ORD-01975,2026-05-29,PROD-024,8.0,North,243.04213399278407
ORD-01976,2026-03-31,PROD-020,3.0,WEST,209.79657145133882
ORD-01977,2026-04-20,PROD-005,3.0,WEST,88.99721786781005
ORD-01978,2026-06-13,PROD-004,4.0,south,331.6407057153219
ORD-01979,2026-02-26,PROD-028,1.0,East,485.86394461046007
ORD-01980,2026-01-01,PROD-012,9.0,East,285.4725174216173
ORD-01981,03/04/2026,PROD-030,8.0,NORTH,360.2291054575335
ORD-01982,2026-02-24,PROD-020,8.0,NORTH,43.54072175734822
ORD-01983,2026-04-25,PROD-028,6.0,North,214.65682795032743
ORD-01984,2026-06-17,PROD-024,7.0,south,67.01565773060298
ORD-01985,2026-05-23,PROD-018,6.0,NORTH,310.2699594128901
ORD-01986,2026-05-29,PROD-017,9.0,NORTH,469.85625752493576
ORD-01987,2026-06-24,PROD-019,3.0,South,334.2710889111029
ORD-01988,2026-02-22,PROD-009,3.0,south,47.63349367406655
ORD-01989,2026-05-17,PROD-004,3.0,North,183.78644044269058
ORD-01990,2026-06-29,PROD-026,3.0,NORTH,279.8250559260172
ORD-01991,02/26/2026,PROD-021,9.0,North,
ORD-01992,2026-04-27,PROD-002,4.0,WEST,418.48556513283444
ORD-01993,2026-06-03,PROD-004,7.0,North,409.1887923078947
ORD-01994,2026-06-18,PROD-002,9.0,East,309.7971998505785
ORD-01995,2026-02-04,PROD-015,7.0,East,192.99439311502556
ORD-01996,2026-03-04,PROD-002,9.0,North,135.1148231439896
ORD-01997,2026-01-25,PROD-004,3.0,East,61.87841592443336
ORD-01998,2026-03-31,PROD-006,4.0,WEST,183.89986490841147
ORD-01999,2026-03-16,PROD-007,8.0,south,212.45453343178258
ORD-02000,2026-02-07,PROD-010,6.0,East,341.1532333009961
